<?xml version="1.0" encoding="UTF-8"?>
<!--
 This is a WordPress eXtended RSS file generated by WordPress as an export of your site.
 It contains information about your site's posts, pages, comments, categories, and other content.
 You may use this file to transfer that content from one site to another.
 This file is not intended to serve as a complete backup of your site.

 To import this information into a WordPress site follow these steps:
 1. Log in to that site as an administrator.
 2. Go to Tools: Import in the WordPress admin panel.
 3. Install the "WordPress" importer from the list.
 4. Activate & Run Importer.
 5. Upload this file using the form provided on that page.
 6. You will first be asked to map the authors in this export file to users
    on the site. For each author, you may choose to map to an
    existing user on the site or to create a new user.
 7. WordPress will then import each of the posts, pages, comments, categories, etc.
    contained in this file into your site.
-->
<!-- generator="WordPress.com" created="2025-03-17 20:41"-->
<rss version="2.0" xmlns:excerpt="http://wordpress.org/export/1.2/excerpt/" xmlns:content="http://purl.org/rss/1.0/modules/content/" xmlns:wfw="http://wellformedweb.org/CommentAPI/" xmlns:dc="http://purl.org/dc/elements/1.1/" xmlns:wp="http://wordpress.org/export/1.2/">
  <channel>
<title>Site Title</title>
<link>https://ecom-wildly-dark-cupcake.wordpress.com</link>
<description/>
<pubDate>Mon, 17 Mar 2025 20:41:53 +0000</pubDate>
<language>es</language>
<wp:wxr_version>1.2</wp:wxr_version>
<wp:base_site_url>http://wordpress.com/</wp:base_site_url>
<wp:base_blog_url>https://ecom-wildly-dark-cupcake.wordpress.com</wp:base_blog_url>
<wp:author>
  <wp:author_id>255920760</wp:author_id>
  <wp:author_login>spartanfitness3110</wp:author_login>
  <wp:author_email>spartanfitness3110@gmail.com</wp:author_email>
  <wp:author_display_name><![CDATA[Spartan Fitness]]></wp:author_display_name>
  <wp:author_first_name><![CDATA[Spartan]]></wp:author_first_name>
  <wp:author_last_name><![CDATA[Fitness]]></wp:author_last_name>
</wp:author>
<wp:category>
  <wp:term_id>1</wp:term_id>
  <wp:category_nicename>uncategorized</wp:category_nicename>
  <wp:category_parent/>
  <wp:cat_name><![CDATA[Uncategorized]]></wp:cat_name>
</wp:category>
<generator>http://wordpress.com/</generator>
<image>
		<url>http://s0.wp.com/i/buttonw-com.png</url>
		<title>Site Title</title>
		<link>https://ecom-wildly-dark-cupcake.wordpress.com</link>
	</image>
	<item>
  <title><![CDATA[About]]></title>
  <link>https://ecom-wildly-dark-cupcake.wordpress.com/about/</link>
  <pubDate>Fri, 20 Sep 2024 02:31:37 +0000</pubDate>
  <dc:creator>spartanfitness3110</dc:creator>
  <guid isPermaLink="false">http://ecom-wildly-dark-cupcake.wordpress.com/?page_id=1</guid>
  <description/>
  <content:encoded><![CDATA[<!-- wp:paragraph -->
<p>This is an example of a page. Unlike posts, which are displayed on your blog’s front page in the order they’re published, pages are better suited for more timeless content that you want to be easily accessible, like your About or Contact information. Click the Edit link to make changes to this page or <a title="Direct link to Add New Page in your Dashboard" href="https://wordpress.com/page/237187874/new/">add another page</a>.</p>
<!-- /wp:paragraph -->]]></content:encoded>
  <excerpt:encoded><![CDATA[]]></excerpt:encoded>
  <wp:post_id>1</wp:post_id>
  <wp:post_date>2024-09-20 02:31:37</wp:post_date>
  <wp:post_date_gmt>2024-09-20 02:31:37</wp:post_date_gmt>
  <wp:post_modified>2024-09-20 02:31:37</wp:post_modified>
  <wp:post_modified_gmt>2024-09-20 02:31:37</wp:post_modified_gmt>
  <wp:comment_status>closed</wp:comment_status>
  <wp:ping_status>open</wp:ping_status>
  <wp:post_name>about</wp:post_name>
  <wp:status>publish</wp:status>
  <wp:post_parent>0</wp:post_parent>
  <wp:menu_order>0</wp:menu_order>
  <wp:post_type>page</wp:post_type>
  <wp:post_password/>
  <wp:is_sticky>0</wp:is_sticky>
  <wp:postmeta>
    <wp:meta_key>_wp_page_template</wp:meta_key>
    <wp:meta_value><![CDATA[default]]></wp:meta_value>
  </wp:postmeta>
  <wp:postmeta>
    <wp:meta_key>_elasticsearch_data_sharing_indexed_on</wp:meta_key>
    <wp:meta_value><![CDATA[2024-09-20 02:31:47]]></wp:meta_value>
  </wp:postmeta>
</item>
<item>
  <title><![CDATA[Detrás el artículo: sombrero fedora]]></title>
  <link>https://ecom-wildly-dark-cupcake.wordpress.com/2024/09/19/behind-the-product-fedora-hat/</link>
  <pubDate>Fri, 20 Sep 2024 02:26:38 +0000</pubDate>
  <dc:creator>spartanfitness3110</dc:creator>
  <guid isPermaLink="false">https://ecom-wildly-dark-cupcake.wordpress.com/2024/09/19/behind-the-product-fedora-hat/</guid>
  <description/>
  <content:encoded><![CDATA[<!-- wp:paragraph -->
<p>Lorem ipsum dolor sit amet, consectetur adipiscing elit. Mauris vehicula nunc id dui aliquam, sed finibus lorem varius. Aliquam vitae eros arcu. Donec elit est, ultrices quis massa ut, laoreet iaculis lacus. Aliquam blandit fringilla nisl, vel ultricies neque congue eget. Mauris maximus magna posuere ex volutpat tincidunt. Nam justo leo, accumsan ut odio vel, lacinia tempus lacus. Sed malesuada nunc a felis feugiat, at cursus ante ornare. Curabitur ut urna porttitor, vehicula sapien at, pellentesque nibh. Donec tincidunt risus sit amet tortor porta fermentum. Phasellus quam tortor, tristique sed urna in, dictum viverra justo. Nam convallis aliquam augue. Vivamus consectetur dapibus nulla eget dignissim. Aliquam tempus, nibh vel ultrices consequat, tellus justo bibendum diam, maximus facilisis neque elit vitae neque. Mauris eget sapien sit amet nunc condimentum mollis. In iaculis tellus in elit scelerisque, at porta elit fringilla. Suspendisse lacinia dolor a sodales posuere.</p>
<!-- /wp:paragraph -->

<!-- wp:spacer {"height":"50px"} -->
<div style="height:50px" aria-hidden="true" class="wp-block-spacer"></div>
<!-- /wp:spacer -->

<!-- wp:columns {"align":"wide"} -->
<div class="wp-block-columns alignwide"><!-- wp:column -->
<div class="wp-block-column"><!-- wp:spacer -->
<div style="height:100px" aria-hidden="true" class="wp-block-spacer"></div>
<!-- /wp:spacer -->

<!-- wp:image {"id":95,"sizeSlug":"large","linkDestination":"none"} -->
<figure class="wp-block-image size-large"><img src="https://tsubakidemo.wpcomstaging.com/wp-content/uploads/2022/09/christina-moroz-eq_1nAV_xRY-unsplash-683x1024.jpg" alt="" class="wp-image-95" /></figure>
<!-- /wp:image --></div>
<!-- /wp:column -->

<!-- wp:column -->
<div class="wp-block-column"><!-- wp:image {"id":96,"sizeSlug":"large","linkDestination":"none"} -->
<figure class="wp-block-image size-large"><img src="https://tsubakidemo.wpcomstaging.com/wp-content/uploads/2022/09/christina-moroz-HcIRxWd9K6c-unsplash-683x1024.jpg" alt="" class="wp-image-96" /></figure>
<!-- /wp:image --></div>
<!-- /wp:column --></div>
<!-- /wp:columns -->

<!-- wp:spacer {"height":"50px"} -->
<div style="height:50px" aria-hidden="true" class="wp-block-spacer"></div>
<!-- /wp:spacer -->

<!-- wp:paragraph -->
<p>Lorem ipsum dolor sit amet, consectetur adipiscing elit. Mauris vehicula nunc id dui aliquam, sed finibus lorem varius. Aliquam vitae eros arcu. Donec elit est, ultrices quis massa ut, laoreet iaculis lacus. Aliquam blandit fringilla nisl, vel ultricies neque congue eget. Mauris maximus magna posuere ex volutpat tincidunt. Nam justo leo, accumsan ut odio vel, lacinia tempus lacus. Sed malesuada nunc a felis feugiat, at cursus ante ornare. Curabitur ut urna porttitor, vehicula sapien at, pellentesque nibh. Donec tincidunt risus sit amet tortor porta fermentum. Phasellus quam tortor, tristique sed urna in, dictum viverra justo. Nam convallis aliquam augue. Vivamus consectetur dapibus nulla eget dignissim. Aliquam tempus, nibh vel ultrices consequat, tellus justo bibendum diam, maximus facilisis neque elit vitae neque. Mauris eget sapien sit amet nunc condimentum mollis. In iaculis tellus in elit scelerisque, at porta elit fringilla. Suspendisse lacinia dolor a sodales posuere.</p>
<!-- /wp:paragraph -->]]></content:encoded>
  <excerpt:encoded><![CDATA[]]></excerpt:encoded>
  <wp:post_id>3</wp:post_id>
  <wp:post_date>2024-09-19 23:26:38</wp:post_date>
  <wp:post_date_gmt>2024-09-20 02:26:38</wp:post_date_gmt>
  <wp:post_modified>2024-09-19 23:26:38</wp:post_modified>
  <wp:post_modified_gmt>2024-09-20 02:26:38</wp:post_modified_gmt>
  <wp:comment_status>closed</wp:comment_status>
  <wp:ping_status>closed</wp:ping_status>
  <wp:post_name>behind-the-product-fedora-hat</wp:post_name>
  <wp:status>publish</wp:status>
  <wp:post_parent>0</wp:post_parent>
  <wp:menu_order>0</wp:menu_order>
  <wp:post_type>post</wp:post_type>
  <wp:post_password/>
  <wp:is_sticky>0</wp:is_sticky>
  <category domain="category" nicename="uncategorized"><![CDATA[Uncategorized]]></category>
  <wp:postmeta>
    <wp:meta_key>_headstart_post</wp:meta_key>
    <wp:meta_value><![CDATA[_hs_extra]]></wp:meta_value>
  </wp:postmeta>
  <wp:postmeta>
    <wp:meta_key>sharing_disabled</wp:meta_key>
    <wp:meta_value><![CDATA[a:1:{i:0;N;}]]></wp:meta_value>
  </wp:postmeta>
  <wp:postmeta>
    <wp:meta_key>switch_like_status</wp:meta_key>
    <wp:meta_value><![CDATA[a:1:{i:0;N;}]]></wp:meta_value>
  </wp:postmeta>
  <wp:postmeta>
    <wp:meta_key>_starter_page_template</wp:meta_key>
    <wp:meta_value><![CDATA[]]></wp:meta_value>
  </wp:postmeta>
  <wp:postmeta>
    <wp:meta_key>_hs_old_id</wp:meta_key>
    <wp:meta_value><![CDATA[92]]></wp:meta_value>
  </wp:postmeta>
  <wp:postmeta>
    <wp:meta_key>_wpas_skip_all_services</wp:meta_key>
    <wp:meta_value><![CDATA[1]]></wp:meta_value>
  </wp:postmeta>
  <wp:postmeta>
    <wp:meta_key>_publicize_pending</wp:meta_key>
    <wp:meta_value><![CDATA[1]]></wp:meta_value>
  </wp:postmeta>
  <wp:postmeta>
    <wp:meta_key>_elasticsearch_data_sharing_indexed_on</wp:meta_key>
    <wp:meta_value><![CDATA[2024-09-20 02:31:41]]></wp:meta_value>
  </wp:postmeta>
</item>
<item>
  <title><![CDATA[Preguntas frecuentes]]></title>
  <link>https://ecom-wildly-dark-cupcake.wordpress.com/faq/</link>
  <pubDate>Fri, 20 Sep 2024 02:26:37 +0000</pubDate>
  <dc:creator>spartanfitness3110</dc:creator>
  <guid isPermaLink="false">https://ecom-wildly-dark-cupcake.wordpress.com/faq/</guid>
  <description/>
  <content:encoded><![CDATA[<!-- wp:paragraph -->
<p><b>Esta es una página de ejemplo.</b></p>
<!-- /wp:paragraph -->

<!-- wp:quote -->
<blockquote class="wp-block-quote"><!-- wp:paragraph -->
<p>Lorem ipsum dolor sit amet, consectetur adipiscing elit. Mauris vehicula nunc id dui aliquam, sed finibus lorem varius?</p>
<!-- /wp:paragraph --></blockquote>
<!-- /wp:quote -->

<!-- wp:paragraph -->
<p>Aliquam vitae eros arcu. Donec elit est, ultrices quis massa ut, laoreet iaculis lacus. Aliquam blandit fringilla nisl, vel ultricies neque congue eget.</p>
<!-- /wp:paragraph -->

<!-- wp:quote -->
<blockquote class="wp-block-quote"><!-- wp:paragraph -->
<p>Mauris maximus magna posuere ex volutpat tincidunt. Nam justo leo, accumsan ut odio vel, lacinia tempus lacus? </p>
<!-- /wp:paragraph --></blockquote>
<!-- /wp:quote -->

<!-- wp:paragraph -->
<p>Aliquam blandit fringilla nisl, vel ultricies neque congue eget. Mauris maximus magna posuere ex volutpat tincidunt. </p>
<!-- /wp:paragraph -->

<!-- wp:quote -->
<blockquote class="wp-block-quote"><!-- wp:paragraph -->
<p>Nam justo leo, accumsan ut odio vel, lacinia tempus lacus. Sed malesuada nunc a felis feugiat, at cursus ante ornare? </p>
<!-- /wp:paragraph --></blockquote>
<!-- /wp:quote -->

<!-- wp:paragraph -->
<p>Curabitur ut urna porttitor, vehicula sapien at, pellentesque nibh. Donec tincidunt risus sit amet tortor porta fermentum. </p>
<!-- /wp:paragraph -->]]></content:encoded>
  <excerpt:encoded><![CDATA[]]></excerpt:encoded>
  <wp:post_id>4</wp:post_id>
  <wp:post_date>2024-09-19 23:26:37</wp:post_date>
  <wp:post_date_gmt>2024-09-20 02:26:37</wp:post_date_gmt>
  <wp:post_modified>2024-09-19 23:26:37</wp:post_modified>
  <wp:post_modified_gmt>2024-09-20 02:26:37</wp:post_modified_gmt>
  <wp:comment_status>closed</wp:comment_status>
  <wp:ping_status>closed</wp:ping_status>
  <wp:post_name>faq</wp:post_name>
  <wp:status>publish</wp:status>
  <wp:post_parent>0</wp:post_parent>
  <wp:menu_order>0</wp:menu_order>
  <wp:post_type>page</wp:post_type>
  <wp:post_password/>
  <wp:is_sticky>0</wp:is_sticky>
  <wp:postmeta>
    <wp:meta_key>_headstart_post</wp:meta_key>
    <wp:meta_value><![CDATA[_hs_extra]]></wp:meta_value>
  </wp:postmeta>
  <wp:postmeta>
    <wp:meta_key>sharing_disabled</wp:meta_key>
    <wp:meta_value><![CDATA[a:1:{i:0;N;}]]></wp:meta_value>
  </wp:postmeta>
  <wp:postmeta>
    <wp:meta_key>switch_like_status</wp:meta_key>
    <wp:meta_value><![CDATA[a:1:{i:0;N;}]]></wp:meta_value>
  </wp:postmeta>
  <wp:postmeta>
    <wp:meta_key>_starter_page_template</wp:meta_key>
    <wp:meta_value><![CDATA[]]></wp:meta_value>
  </wp:postmeta>
  <wp:postmeta>
    <wp:meta_key>_hs_old_id</wp:meta_key>
    <wp:meta_value><![CDATA[26]]></wp:meta_value>
  </wp:postmeta>
  <wp:postmeta>
    <wp:meta_key>_wpas_skip_all_services</wp:meta_key>
    <wp:meta_value><![CDATA[1]]></wp:meta_value>
  </wp:postmeta>
  <wp:postmeta>
    <wp:meta_key>_publicize_pending</wp:meta_key>
    <wp:meta_value><![CDATA[1]]></wp:meta_value>
  </wp:postmeta>
  <wp:postmeta>
    <wp:meta_key>_checklist_post_type</wp:meta_key>
    <wp:meta_value><![CDATA[_hs_extra]]></wp:meta_value>
  </wp:postmeta>
  <wp:postmeta>
    <wp:meta_key>_elasticsearch_data_sharing_indexed_on</wp:meta_key>
    <wp:meta_value><![CDATA[2024-09-20 02:31:41]]></wp:meta_value>
  </wp:postmeta>
</item>
<item>
  <title><![CDATA[Ponte en contacto con nosotros]]></title>
  <link>https://ecom-wildly-dark-cupcake.wordpress.com/contact-us/</link>
  <pubDate>Fri, 20 Sep 2024 02:26:36 +0000</pubDate>
  <dc:creator>spartanfitness3110</dc:creator>
  <guid isPermaLink="false">https://ecom-wildly-dark-cupcake.wordpress.com/contact-us/</guid>
  <description/>
  <content:encoded><![CDATA[<!-- wp:paragraph -->
<p><b>Esta es una página de ejemplo.</b></p>
<!-- /wp:paragraph -->

<!-- wp:paragraph -->
<p>¿Tienes preguntas o comentarios? Indica tus datos y nos pondremos en contacto contigo con mucho gusto.</p>
<!-- /wp:paragraph -->

<!-- wp:jetpack/contact-form {"subject":"[Tsubaki] Contact us","to":"themeshaperwp+demos@gmail.com"} -->
<div class="wp-block-jetpack-contact-form"><!-- wp:jetpack/field-name {"required":true,"width":50} /-->

<!-- wp:jetpack/field-email {"required":true,"width":50} /-->

<!-- wp:jetpack/field-telephone /-->

<!-- wp:jetpack/field-textarea {"required":true} /-->

<!-- wp:jetpack/button {"element":"button","text":"Send","lock":{"remove":true}} /--></div>
<!-- /wp:jetpack/contact-form -->]]></content:encoded>
  <excerpt:encoded><![CDATA[]]></excerpt:encoded>
  <wp:post_id>5</wp:post_id>
  <wp:post_date>2024-09-19 23:26:36</wp:post_date>
  <wp:post_date_gmt>2024-09-20 02:26:36</wp:post_date_gmt>
  <wp:post_modified>2024-09-19 23:26:36</wp:post_modified>
  <wp:post_modified_gmt>2024-09-20 02:26:36</wp:post_modified_gmt>
  <wp:comment_status>closed</wp:comment_status>
  <wp:ping_status>closed</wp:ping_status>
  <wp:post_name>contact-us</wp:post_name>
  <wp:status>publish</wp:status>
  <wp:post_parent>0</wp:post_parent>
  <wp:menu_order>0</wp:menu_order>
  <wp:post_type>page</wp:post_type>
  <wp:post_password/>
  <wp:is_sticky>0</wp:is_sticky>
  <wp:postmeta>
    <wp:meta_key>_headstart_post</wp:meta_key>
    <wp:meta_value><![CDATA[_hs_extra]]></wp:meta_value>
  </wp:postmeta>
  <wp:postmeta>
    <wp:meta_key>sharing_disabled</wp:meta_key>
    <wp:meta_value><![CDATA[a:1:{i:0;N;}]]></wp:meta_value>
  </wp:postmeta>
  <wp:postmeta>
    <wp:meta_key>switch_like_status</wp:meta_key>
    <wp:meta_value><![CDATA[a:1:{i:0;N;}]]></wp:meta_value>
  </wp:postmeta>
  <wp:postmeta>
    <wp:meta_key>_starter_page_template</wp:meta_key>
    <wp:meta_value><![CDATA[]]></wp:meta_value>
  </wp:postmeta>
  <wp:postmeta>
    <wp:meta_key>_hs_old_id</wp:meta_key>
    <wp:meta_value><![CDATA[25]]></wp:meta_value>
  </wp:postmeta>
  <wp:postmeta>
    <wp:meta_key>_wpas_skip_all_services</wp:meta_key>
    <wp:meta_value><![CDATA[1]]></wp:meta_value>
  </wp:postmeta>
  <wp:postmeta>
    <wp:meta_key>_publicize_pending</wp:meta_key>
    <wp:meta_value><![CDATA[1]]></wp:meta_value>
  </wp:postmeta>
  <wp:postmeta>
    <wp:meta_key>_checklist_post_type</wp:meta_key>
    <wp:meta_value><![CDATA[_hs_extra]]></wp:meta_value>
  </wp:postmeta>
  <wp:postmeta>
    <wp:meta_key>_g_feedback_shortcode_90c592c0b5786b10238b4317eb5c16e57d9ab4ef</wp:meta_key>
    <wp:meta_value><![CDATA[
<div class="wp-block-jetpack-contact-form">[contact-field required="1" width="50" type="name" label="Name"/]

[contact-field required="1" width="50" type="email" label="Email"/]

[contact-field type="telephone" label="Phone"/]

[contact-field required="1" type="textarea" label="Message"/]

<div class="wp-block-jetpack-button wp-block-button" style=""><button class="wp-block-button__link" style="" data-id-attr="placeholder" type="submit">Send</button></div></div>
]]></wp:meta_value>
  </wp:postmeta>
  <wp:postmeta>
    <wp:meta_key>_g_feedback_shortcode_atts_90c592c0b5786b10238b4317eb5c16e57d9ab4ef</wp:meta_key>
    <wp:meta_value><![CDATA[a:17:{s:2:"to";s:29:"themeshaperwp+demos@gmail.com";s:7:"subject";s:20:"[Tsubaki] Contact us";s:12:"show_subject";s:2:"no";s:6:"widget";i:0;s:14:"block_template";N;s:19:"block_template_part";N;s:2:"id";i:5;s:18:"submit_button_text";s:6:"Submit";s:14:"customThankyou";s:0:"";s:21:"customThankyouHeading";s:26:"Your message has been sent";s:21:"customThankyouMessage";s:30:"Thank you for your submission!";s:22:"customThankyouRedirect";s:0:"";s:10:"jetpackCRM";b:1;s:9:"className";N;s:9:"postToUrl";N;s:14:"salesforceData";N;s:12:"hiddenFields";N;}]]></wp:meta_value>
  </wp:postmeta>
  <wp:postmeta>
    <wp:meta_key>_elasticsearch_data_sharing_indexed_on</wp:meta_key>
    <wp:meta_value><![CDATA[2024-09-20 02:31:41]]></wp:meta_value>
  </wp:postmeta>
</item>
<item>
  <title><![CDATA[Tienda]]></title>
  <link>https://ecom-wildly-dark-cupcake.wordpress.com/shop/</link>
  <pubDate>Fri, 20 Sep 2024 02:26:35 +0000</pubDate>
  <dc:creator>spartanfitness3110</dc:creator>
  <guid isPermaLink="false">https://ecom-wildly-dark-cupcake.wordpress.com/shop/</guid>
  <description/>
  <content:encoded><![CDATA[]]></content:encoded>
  <excerpt:encoded><![CDATA[]]></excerpt:encoded>
  <wp:post_id>6</wp:post_id>
  <wp:post_date>2024-09-19 23:26:35</wp:post_date>
  <wp:post_date_gmt>2024-09-20 02:26:35</wp:post_date_gmt>
  <wp:post_modified>2024-09-19 23:26:35</wp:post_modified>
  <wp:post_modified_gmt>2024-09-20 02:26:35</wp:post_modified_gmt>
  <wp:comment_status>closed</wp:comment_status>
  <wp:ping_status>closed</wp:ping_status>
  <wp:post_name>shop</wp:post_name>
  <wp:status>publish</wp:status>
  <wp:post_parent>0</wp:post_parent>
  <wp:menu_order>0</wp:menu_order>
  <wp:post_type>page</wp:post_type>
  <wp:post_password/>
  <wp:is_sticky>0</wp:is_sticky>
  <wp:postmeta>
    <wp:meta_key>_headstart_post</wp:meta_key>
    <wp:meta_value><![CDATA[_hs_extra]]></wp:meta_value>
  </wp:postmeta>
  <wp:postmeta>
    <wp:meta_key>sharing_disabled</wp:meta_key>
    <wp:meta_value><![CDATA[a:1:{i:0;N;}]]></wp:meta_value>
  </wp:postmeta>
  <wp:postmeta>
    <wp:meta_key>switch_like_status</wp:meta_key>
    <wp:meta_value><![CDATA[a:1:{i:0;N;}]]></wp:meta_value>
  </wp:postmeta>
  <wp:postmeta>
    <wp:meta_key>_starter_page_template</wp:meta_key>
    <wp:meta_value><![CDATA[]]></wp:meta_value>
  </wp:postmeta>
  <wp:postmeta>
    <wp:meta_key>_hs_old_id</wp:meta_key>
    <wp:meta_value><![CDATA[20]]></wp:meta_value>
  </wp:postmeta>
  <wp:postmeta>
    <wp:meta_key>_wpas_skip_all_services</wp:meta_key>
    <wp:meta_value><![CDATA[1]]></wp:meta_value>
  </wp:postmeta>
  <wp:postmeta>
    <wp:meta_key>_publicize_pending</wp:meta_key>
    <wp:meta_value><![CDATA[1]]></wp:meta_value>
  </wp:postmeta>
  <wp:postmeta>
    <wp:meta_key>_checklist_post_type</wp:meta_key>
    <wp:meta_value><![CDATA[_hs_extra]]></wp:meta_value>
  </wp:postmeta>
  <wp:postmeta>
    <wp:meta_key>_elasticsearch_data_sharing_indexed_on</wp:meta_key>
    <wp:meta_value><![CDATA[2024-09-20 02:31:42]]></wp:meta_value>
  </wp:postmeta>
</item>
<item>
  <title><![CDATA[Carro de compra]]></title>
  <link>https://ecom-wildly-dark-cupcake.wordpress.com/cart/</link>
  <pubDate>Fri, 20 Sep 2024 02:26:34 +0000</pubDate>
  <dc:creator>spartanfitness3110</dc:creator>
  <guid isPermaLink="false">https://ecom-wildly-dark-cupcake.wordpress.com/cart/</guid>
  <description/>
  <content:encoded><![CDATA[<!-- wp:shortcode -->[woocommerce_cart]<!-- /wp:shortcode -->]]></content:encoded>
  <excerpt:encoded><![CDATA[]]></excerpt:encoded>
  <wp:post_id>7</wp:post_id>
  <wp:post_date>2024-09-19 23:26:34</wp:post_date>
  <wp:post_date_gmt>2024-09-20 02:26:34</wp:post_date_gmt>
  <wp:post_modified>2024-09-19 23:26:34</wp:post_modified>
  <wp:post_modified_gmt>2024-09-20 02:26:34</wp:post_modified_gmt>
  <wp:comment_status>closed</wp:comment_status>
  <wp:ping_status>closed</wp:ping_status>
  <wp:post_name>cart</wp:post_name>
  <wp:status>publish</wp:status>
  <wp:post_parent>0</wp:post_parent>
  <wp:menu_order>0</wp:menu_order>
  <wp:post_type>page</wp:post_type>
  <wp:post_password/>
  <wp:is_sticky>0</wp:is_sticky>
  <wp:postmeta>
    <wp:meta_key>_headstart_post</wp:meta_key>
    <wp:meta_value><![CDATA[_hs_extra]]></wp:meta_value>
  </wp:postmeta>
  <wp:postmeta>
    <wp:meta_key>sharing_disabled</wp:meta_key>
    <wp:meta_value><![CDATA[a:1:{i:0;N;}]]></wp:meta_value>
  </wp:postmeta>
  <wp:postmeta>
    <wp:meta_key>switch_like_status</wp:meta_key>
    <wp:meta_value><![CDATA[a:1:{i:0;N;}]]></wp:meta_value>
  </wp:postmeta>
  <wp:postmeta>
    <wp:meta_key>_starter_page_template</wp:meta_key>
    <wp:meta_value><![CDATA[]]></wp:meta_value>
  </wp:postmeta>
  <wp:postmeta>
    <wp:meta_key>_hs_old_id</wp:meta_key>
    <wp:meta_value><![CDATA[21]]></wp:meta_value>
  </wp:postmeta>
  <wp:postmeta>
    <wp:meta_key>_wpas_skip_all_services</wp:meta_key>
    <wp:meta_value><![CDATA[1]]></wp:meta_value>
  </wp:postmeta>
  <wp:postmeta>
    <wp:meta_key>_publicize_pending</wp:meta_key>
    <wp:meta_value><![CDATA[1]]></wp:meta_value>
  </wp:postmeta>
  <wp:postmeta>
    <wp:meta_key>_checklist_post_type</wp:meta_key>
    <wp:meta_value><![CDATA[_hs_extra]]></wp:meta_value>
  </wp:postmeta>
  <wp:postmeta>
    <wp:meta_key>_elasticsearch_data_sharing_indexed_on</wp:meta_key>
    <wp:meta_value><![CDATA[2024-09-20 02:31:42]]></wp:meta_value>
  </wp:postmeta>
</item>
<item>
  <title><![CDATA[Finalizar compra]]></title>
  <link>https://ecom-wildly-dark-cupcake.wordpress.com/checkout/</link>
  <pubDate>Fri, 20 Sep 2024 02:26:33 +0000</pubDate>
  <dc:creator>spartanfitness3110</dc:creator>
  <guid isPermaLink="false">https://ecom-wildly-dark-cupcake.wordpress.com/checkout/</guid>
  <description/>
  <content:encoded><![CDATA[<!-- wp:shortcode -->[woocommerce_checkout]<!-- /wp:shortcode -->]]></content:encoded>
  <excerpt:encoded><![CDATA[]]></excerpt:encoded>
  <wp:post_id>8</wp:post_id>
  <wp:post_date>2024-09-19 23:26:33</wp:post_date>
  <wp:post_date_gmt>2024-09-20 02:26:33</wp:post_date_gmt>
  <wp:post_modified>2024-09-19 23:26:33</wp:post_modified>
  <wp:post_modified_gmt>2024-09-20 02:26:33</wp:post_modified_gmt>
  <wp:comment_status>closed</wp:comment_status>
  <wp:ping_status>closed</wp:ping_status>
  <wp:post_name>checkout</wp:post_name>
  <wp:status>publish</wp:status>
  <wp:post_parent>0</wp:post_parent>
  <wp:menu_order>0</wp:menu_order>
  <wp:post_type>page</wp:post_type>
  <wp:post_password/>
  <wp:is_sticky>0</wp:is_sticky>
  <wp:postmeta>
    <wp:meta_key>_headstart_post</wp:meta_key>
    <wp:meta_value><![CDATA[_hs_extra]]></wp:meta_value>
  </wp:postmeta>
  <wp:postmeta>
    <wp:meta_key>sharing_disabled</wp:meta_key>
    <wp:meta_value><![CDATA[a:1:{i:0;N;}]]></wp:meta_value>
  </wp:postmeta>
  <wp:postmeta>
    <wp:meta_key>switch_like_status</wp:meta_key>
    <wp:meta_value><![CDATA[a:1:{i:0;N;}]]></wp:meta_value>
  </wp:postmeta>
  <wp:postmeta>
    <wp:meta_key>_starter_page_template</wp:meta_key>
    <wp:meta_value><![CDATA[]]></wp:meta_value>
  </wp:postmeta>
  <wp:postmeta>
    <wp:meta_key>_hs_old_id</wp:meta_key>
    <wp:meta_value><![CDATA[22]]></wp:meta_value>
  </wp:postmeta>
  <wp:postmeta>
    <wp:meta_key>_wpas_skip_all_services</wp:meta_key>
    <wp:meta_value><![CDATA[1]]></wp:meta_value>
  </wp:postmeta>
  <wp:postmeta>
    <wp:meta_key>_publicize_pending</wp:meta_key>
    <wp:meta_value><![CDATA[1]]></wp:meta_value>
  </wp:postmeta>
  <wp:postmeta>
    <wp:meta_key>_checklist_post_type</wp:meta_key>
    <wp:meta_value><![CDATA[_hs_extra]]></wp:meta_value>
  </wp:postmeta>
  <wp:postmeta>
    <wp:meta_key>_elasticsearch_data_sharing_indexed_on</wp:meta_key>
    <wp:meta_value><![CDATA[2024-09-20 02:31:42]]></wp:meta_value>
  </wp:postmeta>
</item>
<item>
  <title><![CDATA[Mi cuenta]]></title>
  <link>https://ecom-wildly-dark-cupcake.wordpress.com/my-account/</link>
  <pubDate>Fri, 20 Sep 2024 02:26:32 +0000</pubDate>
  <dc:creator>spartanfitness3110</dc:creator>
  <guid isPermaLink="false">https://ecom-wildly-dark-cupcake.wordpress.com/my-account/</guid>
  <description/>
  <content:encoded><![CDATA[<!-- wp:shortcode -->[woocommerce_my_account]<!-- /wp:shortcode -->]]></content:encoded>
  <excerpt:encoded><![CDATA[]]></excerpt:encoded>
  <wp:post_id>9</wp:post_id>
  <wp:post_date>2024-09-19 23:26:32</wp:post_date>
  <wp:post_date_gmt>2024-09-20 02:26:32</wp:post_date_gmt>
  <wp:post_modified>2024-09-19 23:26:32</wp:post_modified>
  <wp:post_modified_gmt>2024-09-20 02:26:32</wp:post_modified_gmt>
  <wp:comment_status>closed</wp:comment_status>
  <wp:ping_status>closed</wp:ping_status>
  <wp:post_name>my-account</wp:post_name>
  <wp:status>publish</wp:status>
  <wp:post_parent>0</wp:post_parent>
  <wp:menu_order>0</wp:menu_order>
  <wp:post_type>page</wp:post_type>
  <wp:post_password/>
  <wp:is_sticky>0</wp:is_sticky>
  <wp:postmeta>
    <wp:meta_key>_headstart_post</wp:meta_key>
    <wp:meta_value><![CDATA[_hs_extra]]></wp:meta_value>
  </wp:postmeta>
  <wp:postmeta>
    <wp:meta_key>sharing_disabled</wp:meta_key>
    <wp:meta_value><![CDATA[a:1:{i:0;N;}]]></wp:meta_value>
  </wp:postmeta>
  <wp:postmeta>
    <wp:meta_key>switch_like_status</wp:meta_key>
    <wp:meta_value><![CDATA[a:1:{i:0;N;}]]></wp:meta_value>
  </wp:postmeta>
  <wp:postmeta>
    <wp:meta_key>_starter_page_template</wp:meta_key>
    <wp:meta_value><![CDATA[]]></wp:meta_value>
  </wp:postmeta>
  <wp:postmeta>
    <wp:meta_key>_hs_old_id</wp:meta_key>
    <wp:meta_value><![CDATA[23]]></wp:meta_value>
  </wp:postmeta>
  <wp:postmeta>
    <wp:meta_key>_wpas_skip_all_services</wp:meta_key>
    <wp:meta_value><![CDATA[1]]></wp:meta_value>
  </wp:postmeta>
  <wp:postmeta>
    <wp:meta_key>_publicize_pending</wp:meta_key>
    <wp:meta_value><![CDATA[1]]></wp:meta_value>
  </wp:postmeta>
  <wp:postmeta>
    <wp:meta_key>_checklist_post_type</wp:meta_key>
    <wp:meta_value><![CDATA[_hs_extra]]></wp:meta_value>
  </wp:postmeta>
  <wp:postmeta>
    <wp:meta_key>_elasticsearch_data_sharing_indexed_on</wp:meta_key>
    <wp:meta_value><![CDATA[2024-09-20 02:31:42]]></wp:meta_value>
  </wp:postmeta>
</item>
<item>
  <title><![CDATA[Blog]]></title>
  <link>https://ecom-wildly-dark-cupcake.wordpress.com/blog/</link>
  <pubDate>Fri, 20 Sep 2024 02:26:31 +0000</pubDate>
  <dc:creator>spartanfitness3110</dc:creator>
  <guid isPermaLink="false">https://ecom-wildly-dark-cupcake.wordpress.com/blog/</guid>
  <description/>
  <content:encoded><![CDATA[<!-- wp:group {"align":"full","style":{"spacing":{"margin":{"top":"0px","bottom":"0px"}}},"layout":{"inherit":true,"type":"constrained"}} -->
<div class="wp-block-group alignfull" style="margin-top:0px;margin-bottom:0px"><!-- wp:query {"queryId":1,"query":{"pages":0,"offset":0,"postType":"post","order":"desc","orderBy":"date","author":"","search":"","exclude":[],"sticky":"","inherit":false,"perPage":3},"displayLayout":{"type":"list"},"align":"wide","layout":{"inherit":true}} -->
<div class="wp-block-query alignwide"><!-- wp:post-template {"align":"wide"} -->
<!-- wp:post-title {"isLink":true,"align":"wide","fontSize":"var(u002du002dwpu002du002dcustomu002du002dtypographyu002du002dfont-sizeu002du002dhuge, clamp(2.25rem, 4vw, 2.75rem))"} /-->

<!-- wp:post-featured-image {"isLink":true,"align":"wide","style":{"spacing":{"margin":{"top":"calc(1.75 * var(u002du002dwpu002du002dstyleu002du002dblock-gap))"}}}} /-->

<!-- wp:columns {"align":"wide","style":{"spacing":{"margin":{"bottom":"var(u002du002dwpu002du002dcustomu002du002dspacingu002du002dsmall, 6rem)"}}}} -->
<div class="wp-block-columns alignwide" style="margin-bottom:var(--wp--custom--spacing--small, 6rem)"><!-- wp:column {"width":"650px"} -->
<div class="wp-block-column" style="flex-basis:650px"><!-- wp:post-excerpt /-->

<!-- wp:post-date {"format":"F j, Y","isLink":true,"style":{"typography":{"fontStyle":"italic","fontWeight":"400"}},"fontSize":"small"} /--></div>
<!-- /wp:column -->

<!-- wp:column {"width":""} -->
<div class="wp-block-column"></div>
<!-- /wp:column --></div>
<!-- /wp:columns -->

<!-- wp:spacer {"height":"3px"} -->
<div style="height:3px" aria-hidden="true" class="wp-block-spacer"></div>
<!-- /wp:spacer -->

<!-- wp:separator {"opacity":"css","align":"wide","className":"is-style-wide"} -->
<hr class="wp-block-separator alignwide has-css-opacity is-style-wide" />
<!-- /wp:separator -->
<!-- /wp:post-template -->

<!-- wp:query-pagination {"paginationArrow":"arrow","align":"wide","layout":{"type":"flex","justifyContent":"space-between"}} -->
<!-- wp:query-pagination-previous {"fontSize":"small"} /-->

<!-- wp:query-pagination-numbers /-->

<!-- wp:query-pagination-next {"fontSize":"small"} /-->
<!-- /wp:query-pagination --></div>
<!-- /wp:query --></div>
<!-- /wp:group -->]]></content:encoded>
  <excerpt:encoded><![CDATA[]]></excerpt:encoded>
  <wp:post_id>10</wp:post_id>
  <wp:post_date>2024-09-19 23:26:31</wp:post_date>
  <wp:post_date_gmt>2024-09-20 02:26:31</wp:post_date_gmt>
  <wp:post_modified>2024-09-19 23:26:31</wp:post_modified>
  <wp:post_modified_gmt>2024-09-20 02:26:31</wp:post_modified_gmt>
  <wp:comment_status>closed</wp:comment_status>
  <wp:ping_status>closed</wp:ping_status>
  <wp:post_name>blog</wp:post_name>
  <wp:status>publish</wp:status>
  <wp:post_parent>0</wp:post_parent>
  <wp:menu_order>0</wp:menu_order>
  <wp:post_type>page</wp:post_type>
  <wp:post_password/>
  <wp:is_sticky>0</wp:is_sticky>
  <wp:postmeta>
    <wp:meta_key>_headstart_post</wp:meta_key>
    <wp:meta_value><![CDATA[_hs_extra]]></wp:meta_value>
  </wp:postmeta>
  <wp:postmeta>
    <wp:meta_key>sharing_disabled</wp:meta_key>
    <wp:meta_value><![CDATA[a:1:{i:0;N;}]]></wp:meta_value>
  </wp:postmeta>
  <wp:postmeta>
    <wp:meta_key>switch_like_status</wp:meta_key>
    <wp:meta_value><![CDATA[a:1:{i:0;N;}]]></wp:meta_value>
  </wp:postmeta>
  <wp:postmeta>
    <wp:meta_key>_starter_page_template</wp:meta_key>
    <wp:meta_value><![CDATA[]]></wp:meta_value>
  </wp:postmeta>
  <wp:postmeta>
    <wp:meta_key>_hs_old_id</wp:meta_key>
    <wp:meta_value><![CDATA[6]]></wp:meta_value>
  </wp:postmeta>
  <wp:postmeta>
    <wp:meta_key>_wpas_skip_all_services</wp:meta_key>
    <wp:meta_value><![CDATA[1]]></wp:meta_value>
  </wp:postmeta>
  <wp:postmeta>
    <wp:meta_key>_publicize_pending</wp:meta_key>
    <wp:meta_value><![CDATA[1]]></wp:meta_value>
  </wp:postmeta>
  <wp:postmeta>
    <wp:meta_key>_checklist_post_type</wp:meta_key>
    <wp:meta_value><![CDATA[_hs_extra]]></wp:meta_value>
  </wp:postmeta>
  <wp:postmeta>
    <wp:meta_key>_elasticsearch_data_sharing_indexed_on</wp:meta_key>
    <wp:meta_value><![CDATA[2024-09-20 02:31:42]]></wp:meta_value>
  </wp:postmeta>
</item>
<item>
  <title><![CDATA[Política de devoluciones y reembolsos]]></title>
  <link>https://ecom-wildly-dark-cupcake.wordpress.com/refund_returns/</link>
  <pubDate>Fri, 20 Sep 2024 02:26:30 +0000</pubDate>
  <dc:creator>spartanfitness3110</dc:creator>
  <guid isPermaLink="false">https://ecom-wildly-dark-cupcake.wordpress.com/refund_returns/</guid>
  <description/>
  <content:encoded><![CDATA[<!-- wp:paragraph -->
<p><b>Esta es una página de ejemplo.</b></p>
<!-- /wp:paragraph -->

<!-- wp:paragraph -->
<p><h3>Descripción general</h3></p>
<!-- /wp:paragraph -->

<!-- wp:paragraph -->
<p>Nuestra política de devoluciones y reembolsos es aplicable durante 30 días. Si han pasado 30 días desde la compra, no podemos ofrecerte una devolución o un reembolso íntegros.</p>
<!-- /wp:paragraph -->

<!-- wp:paragraph -->
<p>Para poder realizar una devolución, el artículo debe estar sin usar y en el mismo estado en el que lo recibiste. Además, debe estar empaquetado en el embalaje original.</p>
<!-- /wp:paragraph -->

<!-- wp:paragraph -->
<p>Hay varios tipos de artículos que no se pueden devolver, p. ej., los bienes perecederos, como los alimentos, las flores, los periódicos o las revistas. Tampoco aceptamos productos como artículos íntimos o sanitarios, materiales peligrosos o líquidos y gases inflamables.</p>
<!-- /wp:paragraph -->

<!-- wp:paragraph -->
<p>Artículos adicionales no sujetos a devolución:</p>
<!-- /wp:paragraph -->

<!-- wp:list -->
<ul><!-- wp:list-item -->
<li>Tarjetas regalo</li>
<!-- /wp:list-item -->

<!-- wp:list-item -->
<li>Productos de software descargables</li>
<!-- /wp:list-item -->

<!-- wp:list-item -->
<li>Determinados artículos de salud y cuidado personal</li>
<!-- /wp:list-item --></ul>
<!-- /wp:list -->

<!-- wp:paragraph -->
<p>Para realizar la devolución, solicitamos un recibo o un justificante de compra.</p>
<!-- /wp:paragraph -->

<!-- wp:paragraph -->
<p>No envíes la compra de vuelta al fabricante.</p>
<!-- /wp:paragraph -->

<!-- wp:paragraph -->
<p>En algunas situaciones, solo concedemos reembolsos parciales:</p>
<!-- /wp:paragraph -->

<!-- wp:list -->
<ul><!-- wp:list-item -->
<li>Libro con signos evidentes de uso.</li>
<!-- /wp:list-item -->

<!-- wp:list-item -->
<li>Cinta de CD, DVD o VHS, software, videojuego, casete o vinilo que se ha abierto.</li>
<!-- /wp:list-item -->

<!-- wp:list-item -->
<li>Cualquier artículo que no esté en su estado original, esté dañado o le falten piezas por motivos que no se deban a un error nuestro.</li>
<!-- /wp:list-item -->

<!-- wp:list-item -->
<li>Cualquier artículo que se devuelva más de 30 días después de la entrega.</li>
<!-- /wp:list-item --></ul>
<!-- /wp:list -->

<!-- wp:paragraph -->
<p><h2>Reembolsos</h2></p>
<!-- /wp:paragraph -->

<!-- wp:paragraph -->
<p>Una vez que hayamos recibido y revisado el artículo devuelto, te enviaremos un correo electrónico para informarte de que lo hemos recibido. También te informaremos de la aprobación o la denegación del reembolso.</p>
<!-- /wp:paragraph -->

<!-- wp:paragraph -->
<p>Si se aprueba el reembolso, se procesará y se abonará automáticamente el importe en tu tarjeta de crédito o método de pago inicial en un período de días determinado.</p>
<!-- /wp:paragraph -->

<!-- wp:paragraph -->
<p><b>Reembolsos atrasados o fallidos</b></p>
<!-- /wp:paragraph -->

<!-- wp:paragraph -->
<p>Si aún no has recibido un reembolso, vuelve a comprobar tu cuenta bancaria en primer lugar.</p>
<!-- /wp:paragraph -->

<!-- wp:paragraph -->
<p>Después, contacta con la empresa emisora de tu tarjeta de crédito. El reembolso puede tardar un poco en registrarse.</p>
<!-- /wp:paragraph -->

<!-- wp:paragraph -->
<p>A continuación, contacta con tu banco. Suele haber un período de procesamiento antes de que se registre un reembolso.</p>
<!-- /wp:paragraph -->

<!-- wp:paragraph -->
<p>Si has seguido todos estos pasos y aún no has recibido el reembolso, contacta con nosotros en {email address}.</p>
<!-- /wp:paragraph -->

<!-- wp:paragraph -->
<p><b>Artículos rebajados</b></p>
<!-- /wp:paragraph -->

<!-- wp:paragraph -->
<p>Solo se reembolsarán los artículos con precio normal. Los artículos rebajados no se pueden reembolsar.</p>
<!-- /wp:paragraph -->

<!-- wp:paragraph -->
<p><h2>Intercambios</h2></p>
<!-- /wp:paragraph -->

<!-- wp:paragraph -->
<p>Solo cambiamos artículos si son defectuosos o están dañados. Si tienes que cambiar un artículo por otro igual, envíanos un correo electrónico a {email address} y envía el artículo a: {physical address}.</p>
<!-- /wp:paragraph -->

<!-- wp:paragraph -->
<p><h2>Regalos</h2></p>
<!-- /wp:paragraph -->

<!-- wp:paragraph -->
<p>Si el artículo estaba marcado como regalo cuando se compró y se envió directamente a tu dirección, recibirás un abono de regalo por el valor de la devolución. Una vez recibido el artículo devuelto, te enviaremos un cupón de regalo por correo.</p>
<!-- /wp:paragraph -->

<!-- wp:paragraph -->
<p>Si el artículo no estaba marcado como regalo cuando se compró o la persona que hizo el regalo recibió el pedido en su dirección para dártelo a ti más tarde, enviaremos un reembolso a dicha persona, que quedará informada de tu devolución.</p>
<!-- /wp:paragraph -->

<!-- wp:paragraph -->
<p><h2>Envío de las devoluciones</h2></p>
<!-- /wp:paragraph -->

<!-- wp:paragraph -->
<p>Para devolver un producto, debes enviarlo por correo a {physical address}.</p>
<!-- /wp:paragraph -->

<!-- wp:paragraph -->
<p>Deberás asumir el pago de los costes de envío por la devolución del artículo. Dichos costes de envío no son reembolsables. Si recibes un reembolso, se deducirá de este el coste del envío del artículo devuelto.</p>
<!-- /wp:paragraph -->

<!-- wp:paragraph -->
<p>Según donde vivas, el tiempo que tardarás en recibir el producto cambiado puede variar.</p>
<!-- /wp:paragraph -->

<!-- wp:paragraph -->
<p>Si devuelves artículos más caros, piensa en la posibilidad de recurrir a un servicio de envío rastreable o contratar un seguro de transporte. No garantizamos que recibas el artículo devuelto.</p>
<!-- /wp:paragraph -->

<!-- wp:paragraph -->
<p><h2>¿Necesitas ayuda?</h2></p>
<!-- /wp:paragraph -->

<!-- wp:paragraph -->
Si tienes alguna pregunta relacionada con los reembolsos y las devoluciones, <p>contacta con nosotros en {email}.</p>
<!-- /wp:paragraph -->]]></content:encoded>
  <excerpt:encoded><![CDATA[]]></excerpt:encoded>
  <wp:post_id>11</wp:post_id>
  <wp:post_date>2024-09-19 23:26:30</wp:post_date>
  <wp:post_date_gmt>2024-09-20 02:26:30</wp:post_date_gmt>
  <wp:post_modified>2024-09-19 23:26:30</wp:post_modified>
  <wp:post_modified_gmt>2024-09-20 02:26:30</wp:post_modified_gmt>
  <wp:comment_status>closed</wp:comment_status>
  <wp:ping_status>closed</wp:ping_status>
  <wp:post_name>refund_returns</wp:post_name>
  <wp:status>publish</wp:status>
  <wp:post_parent>0</wp:post_parent>
  <wp:menu_order>0</wp:menu_order>
  <wp:post_type>page</wp:post_type>
  <wp:post_password/>
  <wp:is_sticky>0</wp:is_sticky>
  <wp:postmeta>
    <wp:meta_key>_headstart_post</wp:meta_key>
    <wp:meta_value><![CDATA[_hs_extra]]></wp:meta_value>
  </wp:postmeta>
  <wp:postmeta>
    <wp:meta_key>sharing_disabled</wp:meta_key>
    <wp:meta_value><![CDATA[a:1:{i:0;N;}]]></wp:meta_value>
  </wp:postmeta>
  <wp:postmeta>
    <wp:meta_key>switch_like_status</wp:meta_key>
    <wp:meta_value><![CDATA[a:1:{i:0;N;}]]></wp:meta_value>
  </wp:postmeta>
  <wp:postmeta>
    <wp:meta_key>_starter_page_template</wp:meta_key>
    <wp:meta_value><![CDATA[]]></wp:meta_value>
  </wp:postmeta>
  <wp:postmeta>
    <wp:meta_key>_hs_old_id</wp:meta_key>
    <wp:meta_value><![CDATA[24]]></wp:meta_value>
  </wp:postmeta>
  <wp:postmeta>
    <wp:meta_key>_wpas_skip_all_services</wp:meta_key>
    <wp:meta_value><![CDATA[1]]></wp:meta_value>
  </wp:postmeta>
  <wp:postmeta>
    <wp:meta_key>_publicize_pending</wp:meta_key>
    <wp:meta_value><![CDATA[1]]></wp:meta_value>
  </wp:postmeta>
  <wp:postmeta>
    <wp:meta_key>_checklist_post_type</wp:meta_key>
    <wp:meta_value><![CDATA[_hs_extra]]></wp:meta_value>
  </wp:postmeta>
  <wp:postmeta>
    <wp:meta_key>_elasticsearch_data_sharing_indexed_on</wp:meta_key>
    <wp:meta_value><![CDATA[2024-09-20 02:31:42]]></wp:meta_value>
  </wp:postmeta>
</item>
<item>
  <title><![CDATA[Navegación del encabezado]]></title>
  <link>https://ecom-wildly-dark-cupcake.wordpress.com/2024/09/19/header-navigation/</link>
  <pubDate>Fri, 20 Sep 2024 02:26:35 +0000</pubDate>
  <dc:creator>spartanfitness3110</dc:creator>
  <guid isPermaLink="false">https://ecom-wildly-dark-cupcake.wordpress.com/2024/09/19/header-navigation/</guid>
  <description/>
  <content:encoded><![CDATA[<!-- wp:navigation-link {"label":"Shop","type":"page","id":6,"url":"https://ecom-wildly-dark-cupcake.wordpress.com/shop/","kind":"post-type","isTopLevelLink":true} /-->

<!-- wp:navigation-link {"label":"Blog","type":"page","id":10,"url":"https://ecom-wildly-dark-cupcake.wordpress.com/blog/","kind":"post-type","isTopLevelLink":true} /-->

<!-- wp:navigation-link {"label":"My account","type":"page","id":9,"url":"https://ecom-wildly-dark-cupcake.wordpress.com/my-account/","kind":"post-type","isTopLevelLink":true} /-->]]></content:encoded>
  <excerpt:encoded><![CDATA[]]></excerpt:encoded>
  <wp:post_id>16</wp:post_id>
  <wp:post_date>2024-09-19 23:26:35</wp:post_date>
  <wp:post_date_gmt>2024-09-20 02:26:35</wp:post_date_gmt>
  <wp:post_modified>2024-09-19 23:26:35</wp:post_modified>
  <wp:post_modified_gmt>2024-09-20 02:26:35</wp:post_modified_gmt>
  <wp:comment_status>closed</wp:comment_status>
  <wp:ping_status>closed</wp:ping_status>
  <wp:post_name>header-navigation</wp:post_name>
  <wp:status>publish</wp:status>
  <wp:post_parent>0</wp:post_parent>
  <wp:menu_order>0</wp:menu_order>
  <wp:post_type>wp_navigation</wp:post_type>
  <wp:post_password/>
  <wp:is_sticky>0</wp:is_sticky>
  <wp:postmeta>
    <wp:meta_key>_headstart_post</wp:meta_key>
    <wp:meta_value><![CDATA[_hs_extra]]></wp:meta_value>
  </wp:postmeta>
  <wp:postmeta>
    <wp:meta_key>sharing_disabled</wp:meta_key>
    <wp:meta_value><![CDATA[a:1:{i:0;N;}]]></wp:meta_value>
  </wp:postmeta>
  <wp:postmeta>
    <wp:meta_key>switch_like_status</wp:meta_key>
    <wp:meta_value><![CDATA[a:1:{i:0;N;}]]></wp:meta_value>
  </wp:postmeta>
  <wp:postmeta>
    <wp:meta_key>_starter_page_template</wp:meta_key>
    <wp:meta_value><![CDATA[]]></wp:meta_value>
  </wp:postmeta>
  <wp:postmeta>
    <wp:meta_key>_hs_old_id</wp:meta_key>
    <wp:meta_value><![CDATA[45]]></wp:meta_value>
  </wp:postmeta>
  <wp:postmeta>
    <wp:meta_key>_wpas_skip_all_services</wp:meta_key>
    <wp:meta_value><![CDATA[1]]></wp:meta_value>
  </wp:postmeta>
  <wp:postmeta>
    <wp:meta_key>_publicize_pending</wp:meta_key>
    <wp:meta_value><![CDATA[1]]></wp:meta_value>
  </wp:postmeta>
</item>
<item>
  <title><![CDATA[Navegación]]></title>
  <link>https://ecom-wildly-dark-cupcake.wordpress.com/2024/09/19/navigation/</link>
  <pubDate>Fri, 20 Sep 2024 02:26:34 +0000</pubDate>
  <dc:creator>spartanfitness3110</dc:creator>
  <guid isPermaLink="false">https://ecom-wildly-dark-cupcake.wordpress.com/2024/09/19/navigation/</guid>
  <description/>
  <content:encoded><![CDATA[<!-- wp:navigation-link {"label":"FAQ","type":"page","id":4,"url":"https://ecom-wildly-dark-cupcake.wordpress.com/faq/","kind":"post-type","isTopLevelLink":true} /-->

<!-- wp:navigation-link {"label":"Refund and Returns Policy","type":"page","id":11,"url":"https://ecom-wildly-dark-cupcake.wordpress.com/refund_returns/","kind":"post-type","isTopLevelLink":true} /-->

<!-- wp:navigation-link {"label":"Contact us","type":"page","id":5,"url":"https://ecom-wildly-dark-cupcake.wordpress.com/contact-us/","kind":"post-type","isTopLevelLink":true} /-->]]></content:encoded>
  <excerpt:encoded><![CDATA[]]></excerpt:encoded>
  <wp:post_id>17</wp:post_id>
  <wp:post_date>2024-09-19 23:26:34</wp:post_date>
  <wp:post_date_gmt>2024-09-20 02:26:34</wp:post_date_gmt>
  <wp:post_modified>2024-09-19 23:26:34</wp:post_modified>
  <wp:post_modified_gmt>2024-09-20 02:26:34</wp:post_modified_gmt>
  <wp:comment_status>closed</wp:comment_status>
  <wp:ping_status>closed</wp:ping_status>
  <wp:post_name>navigation</wp:post_name>
  <wp:status>publish</wp:status>
  <wp:post_parent>0</wp:post_parent>
  <wp:menu_order>0</wp:menu_order>
  <wp:post_type>wp_navigation</wp:post_type>
  <wp:post_password/>
  <wp:is_sticky>0</wp:is_sticky>
  <wp:postmeta>
    <wp:meta_key>_headstart_post</wp:meta_key>
    <wp:meta_value><![CDATA[_hs_extra]]></wp:meta_value>
  </wp:postmeta>
  <wp:postmeta>
    <wp:meta_key>sharing_disabled</wp:meta_key>
    <wp:meta_value><![CDATA[a:1:{i:0;N;}]]></wp:meta_value>
  </wp:postmeta>
  <wp:postmeta>
    <wp:meta_key>switch_like_status</wp:meta_key>
    <wp:meta_value><![CDATA[a:1:{i:0;N;}]]></wp:meta_value>
  </wp:postmeta>
  <wp:postmeta>
    <wp:meta_key>_starter_page_template</wp:meta_key>
    <wp:meta_value><![CDATA[]]></wp:meta_value>
  </wp:postmeta>
  <wp:postmeta>
    <wp:meta_key>_hs_old_id</wp:meta_key>
    <wp:meta_value><![CDATA[48]]></wp:meta_value>
  </wp:postmeta>
  <wp:postmeta>
    <wp:meta_key>_wpas_skip_all_services</wp:meta_key>
    <wp:meta_value><![CDATA[1]]></wp:meta_value>
  </wp:postmeta>
  <wp:postmeta>
    <wp:meta_key>_publicize_pending</wp:meta_key>
    <wp:meta_value><![CDATA[1]]></wp:meta_value>
  </wp:postmeta>
</item>
<item>
  <title><![CDATA[Placeholder Image]]></title>
  <link>https://ecom-wildly-dark-cupcake.wordpress.com/?attachment_id=18</link>
  <pubDate>Fri, 20 Sep 2024 02:31:40 +0000</pubDate>
  <dc:creator>spartanfitness3110</dc:creator>
  <guid isPermaLink="false">http://ecom-wildly-dark-cupcake.files.wordpress.com/2024/09/6dc67-product-4.png</guid>
  <description/>
  <content:encoded><![CDATA[]]></content:encoded>
  <excerpt:encoded><![CDATA[]]></excerpt:encoded>
  <wp:post_id>18</wp:post_id>
  <wp:post_date>2024-09-19 23:31:40</wp:post_date>
  <wp:post_date_gmt>2024-09-20 02:31:40</wp:post_date_gmt>
  <wp:post_modified>2024-09-19 23:31:40</wp:post_modified>
  <wp:post_modified_gmt>2024-09-20 02:31:40</wp:post_modified_gmt>
  <wp:comment_status>open</wp:comment_status>
  <wp:ping_status>closed</wp:ping_status>
  <wp:post_name>placeholder-image</wp:post_name>
  <wp:status>inherit</wp:status>
  <wp:post_parent>12</wp:post_parent>
  <wp:menu_order>0</wp:menu_order>
  <wp:post_type>attachment</wp:post_type>
  <wp:post_password/>
  <wp:is_sticky>0</wp:is_sticky>
  <wp:attachment_url>https://ecom-wildly-dark-cupcake.wordpress.com/wp-content/uploads/2024/09/6dc67-product-4.png</wp:attachment_url>
  <wp:postmeta>
    <wp:meta_key>_wp_attached_file</wp:meta_key>
    <wp:meta_value><![CDATA[/home/wpcom/public_html/wp-content/blogs.dir/9e0/237187874/files/2024/09/6dc67-product-4.png]]></wp:meta_value>
  </wp:postmeta>
  <wp:postmeta>
    <wp:meta_key>_wp_attachment_metadata</wp:meta_key>
    <wp:meta_value><![CDATA[a:6:{s:5:"width";i:600;s:6:"height";i:818;s:4:"file";s:92:"/home/wpcom/public_html/wp-content/blogs.dir/9e0/237187874/files/2024/09/6dc67-product-4.png";s:8:"filesize";i:111925;s:5:"sizes";a:0:{}s:10:"image_meta";a:12:{s:8:"aperture";s:1:"0";s:6:"credit";s:0:"";s:6:"camera";s:0:"";s:7:"caption";s:0:"";s:17:"created_timestamp";s:1:"0";s:9:"copyright";s:0:"";s:12:"focal_length";s:1:"0";s:3:"iso";s:1:"0";s:13:"shutter_speed";s:1:"0";s:5:"title";s:0:"";s:11:"orientation";s:1:"0";s:8:"keywords";a:0:{}}}]]></wp:meta_value>
  </wp:postmeta>
</item>
<item>
  <title><![CDATA[Placeholder Image]]></title>
  <link>https://ecom-wildly-dark-cupcake.wordpress.com/placeholder-image-2/</link>
  <pubDate>Fri, 20 Sep 2024 02:31:40 +0000</pubDate>
  <dc:creator>spartanfitness3110</dc:creator>
  <guid isPermaLink="false">http://ecom-wildly-dark-cupcake.files.wordpress.com/2024/09/product-3.png</guid>
  <description/>
  <content:encoded><![CDATA[]]></content:encoded>
  <excerpt:encoded><![CDATA[]]></excerpt:encoded>
  <wp:post_id>19</wp:post_id>
  <wp:post_date>2024-09-19 23:31:40</wp:post_date>
  <wp:post_date_gmt>2024-09-20 02:31:40</wp:post_date_gmt>
  <wp:post_modified>2024-09-19 23:31:40</wp:post_modified>
  <wp:post_modified_gmt>2024-09-20 02:31:40</wp:post_modified_gmt>
  <wp:comment_status>open</wp:comment_status>
  <wp:ping_status>closed</wp:ping_status>
  <wp:post_name>placeholder-image-2</wp:post_name>
  <wp:status>inherit</wp:status>
  <wp:post_parent>0</wp:post_parent>
  <wp:menu_order>0</wp:menu_order>
  <wp:post_type>attachment</wp:post_type>
  <wp:post_password/>
  <wp:is_sticky>0</wp:is_sticky>
  <wp:attachment_url>https://ecom-wildly-dark-cupcake.wordpress.com/wp-content/uploads/2024/09/product-3.png</wp:attachment_url>
  <wp:postmeta>
    <wp:meta_key>_wp_attached_file</wp:meta_key>
    <wp:meta_value><![CDATA[/home/wpcom/public_html/wp-content/blogs.dir/9e0/237187874/files/2024/09/product-3.png]]></wp:meta_value>
  </wp:postmeta>
  <wp:postmeta>
    <wp:meta_key>_wp_attachment_metadata</wp:meta_key>
    <wp:meta_value><![CDATA[a:6:{s:5:"width";i:600;s:6:"height";i:818;s:4:"file";s:86:"/home/wpcom/public_html/wp-content/blogs.dir/9e0/237187874/files/2024/09/product-3.png";s:8:"filesize";i:99982;s:5:"sizes";a:0:{}s:10:"image_meta";a:12:{s:8:"aperture";s:1:"0";s:6:"credit";s:0:"";s:6:"camera";s:0:"";s:7:"caption";s:0:"";s:17:"created_timestamp";s:1:"0";s:9:"copyright";s:0:"";s:12:"focal_length";s:1:"0";s:3:"iso";s:1:"0";s:13:"shutter_speed";s:1:"0";s:5:"title";s:0:"";s:11:"orientation";s:1:"0";s:8:"keywords";a:0:{}}}]]></wp:meta_value>
  </wp:postmeta>
</item>
<item>
  <title><![CDATA[Placeholder Image]]></title>
  <link>https://ecom-wildly-dark-cupcake.wordpress.com/?attachment_id=20</link>
  <pubDate>Fri, 20 Sep 2024 02:31:40 +0000</pubDate>
  <dc:creator>spartanfitness3110</dc:creator>
  <guid isPermaLink="false">http://ecom-wildly-dark-cupcake.files.wordpress.com/2024/09/507df-product-2.png</guid>
  <description/>
  <content:encoded><![CDATA[]]></content:encoded>
  <excerpt:encoded><![CDATA[]]></excerpt:encoded>
  <wp:post_id>20</wp:post_id>
  <wp:post_date>2024-09-19 23:31:40</wp:post_date>
  <wp:post_date_gmt>2024-09-20 02:31:40</wp:post_date_gmt>
  <wp:post_modified>2024-09-19 23:31:40</wp:post_modified>
  <wp:post_modified_gmt>2024-09-20 02:31:40</wp:post_modified_gmt>
  <wp:comment_status>open</wp:comment_status>
  <wp:ping_status>closed</wp:ping_status>
  <wp:post_name>placeholder-image-3</wp:post_name>
  <wp:status>inherit</wp:status>
  <wp:post_parent>13</wp:post_parent>
  <wp:menu_order>0</wp:menu_order>
  <wp:post_type>attachment</wp:post_type>
  <wp:post_password/>
  <wp:is_sticky>0</wp:is_sticky>
  <wp:attachment_url>https://ecom-wildly-dark-cupcake.wordpress.com/wp-content/uploads/2024/09/507df-product-2.png</wp:attachment_url>
  <wp:postmeta>
    <wp:meta_key>_wp_attached_file</wp:meta_key>
    <wp:meta_value><![CDATA[/home/wpcom/public_html/wp-content/blogs.dir/9e0/237187874/files/2024/09/507df-product-2.png]]></wp:meta_value>
  </wp:postmeta>
  <wp:postmeta>
    <wp:meta_key>_wp_attachment_metadata</wp:meta_key>
    <wp:meta_value><![CDATA[a:6:{s:5:"width";i:600;s:6:"height";i:818;s:4:"file";s:92:"/home/wpcom/public_html/wp-content/blogs.dir/9e0/237187874/files/2024/09/507df-product-2.png";s:8:"filesize";i:72132;s:5:"sizes";a:0:{}s:10:"image_meta";a:12:{s:8:"aperture";s:1:"0";s:6:"credit";s:0:"";s:6:"camera";s:0:"";s:7:"caption";s:0:"";s:17:"created_timestamp";s:1:"0";s:9:"copyright";s:0:"";s:12:"focal_length";s:1:"0";s:3:"iso";s:1:"0";s:13:"shutter_speed";s:1:"0";s:5:"title";s:0:"";s:11:"orientation";s:1:"0";s:8:"keywords";a:0:{}}}]]></wp:meta_value>
  </wp:postmeta>
</item>
<item>
  <title><![CDATA[Placeholder Image]]></title>
  <link>https://ecom-wildly-dark-cupcake.wordpress.com/placeholder-image-4/</link>
  <pubDate>Fri, 20 Sep 2024 02:31:40 +0000</pubDate>
  <dc:creator>spartanfitness3110</dc:creator>
  <guid isPermaLink="false">http://ecom-wildly-dark-cupcake.files.wordpress.com/2024/09/2a22e-product-1.png</guid>
  <description/>
  <content:encoded><![CDATA[]]></content:encoded>
  <excerpt:encoded><![CDATA[]]></excerpt:encoded>
  <wp:post_id>21</wp:post_id>
  <wp:post_date>2024-09-19 23:31:40</wp:post_date>
  <wp:post_date_gmt>2024-09-20 02:31:40</wp:post_date_gmt>
  <wp:post_modified>2024-09-19 23:31:40</wp:post_modified>
  <wp:post_modified_gmt>2024-09-20 02:31:40</wp:post_modified_gmt>
  <wp:comment_status>open</wp:comment_status>
  <wp:ping_status>closed</wp:ping_status>
  <wp:post_name>placeholder-image-4</wp:post_name>
  <wp:status>inherit</wp:status>
  <wp:post_parent>0</wp:post_parent>
  <wp:menu_order>0</wp:menu_order>
  <wp:post_type>attachment</wp:post_type>
  <wp:post_password/>
  <wp:is_sticky>0</wp:is_sticky>
  <wp:attachment_url>https://ecom-wildly-dark-cupcake.wordpress.com/wp-content/uploads/2024/09/2a22e-product-1.png</wp:attachment_url>
  <wp:postmeta>
    <wp:meta_key>_wp_attached_file</wp:meta_key>
    <wp:meta_value><![CDATA[/home/wpcom/public_html/wp-content/blogs.dir/9e0/237187874/files/2024/09/2a22e-product-1.png]]></wp:meta_value>
  </wp:postmeta>
  <wp:postmeta>
    <wp:meta_key>_wp_attachment_metadata</wp:meta_key>
    <wp:meta_value><![CDATA[a:6:{s:5:"width";i:600;s:6:"height";i:818;s:4:"file";s:92:"/home/wpcom/public_html/wp-content/blogs.dir/9e0/237187874/files/2024/09/2a22e-product-1.png";s:8:"filesize";i:88402;s:5:"sizes";a:0:{}s:10:"image_meta";a:12:{s:8:"aperture";s:1:"0";s:6:"credit";s:0:"";s:6:"camera";s:0:"";s:7:"caption";s:0:"";s:17:"created_timestamp";s:1:"0";s:9:"copyright";s:0:"";s:12:"focal_length";s:1:"0";s:3:"iso";s:1:"0";s:13:"shutter_speed";s:1:"0";s:5:"title";s:0:"";s:11:"orientation";s:1:"0";s:8:"keywords";a:0:{}}}]]></wp:meta_value>
  </wp:postmeta>
</item>
<item>
  <title><![CDATA[Placeholder Image]]></title>
  <link>https://ecom-wildly-dark-cupcake.wordpress.com/?attachment_id=22</link>
  <pubDate>Fri, 20 Sep 2024 02:31:40 +0000</pubDate>
  <dc:creator>spartanfitness3110</dc:creator>
  <guid isPermaLink="false">http://ecom-wildly-dark-cupcake.files.wordpress.com/2024/09/2a22e-product-1-1.png</guid>
  <description/>
  <content:encoded><![CDATA[]]></content:encoded>
  <excerpt:encoded><![CDATA[]]></excerpt:encoded>
  <wp:post_id>22</wp:post_id>
  <wp:post_date>2024-09-19 23:31:40</wp:post_date>
  <wp:post_date_gmt>2024-09-20 02:31:40</wp:post_date_gmt>
  <wp:post_modified>2024-09-19 23:31:40</wp:post_modified>
  <wp:post_modified_gmt>2024-09-20 02:31:40</wp:post_modified_gmt>
  <wp:comment_status>open</wp:comment_status>
  <wp:ping_status>closed</wp:ping_status>
  <wp:post_name>placeholder-image-5</wp:post_name>
  <wp:status>inherit</wp:status>
  <wp:post_parent>14</wp:post_parent>
  <wp:menu_order>0</wp:menu_order>
  <wp:post_type>attachment</wp:post_type>
  <wp:post_password/>
  <wp:is_sticky>0</wp:is_sticky>
  <wp:attachment_url>https://ecom-wildly-dark-cupcake.wordpress.com/wp-content/uploads/2024/09/2a22e-product-1-1.png</wp:attachment_url>
  <wp:postmeta>
    <wp:meta_key>_wp_attached_file</wp:meta_key>
    <wp:meta_value><![CDATA[/home/wpcom/public_html/wp-content/blogs.dir/9e0/237187874/files/2024/09/2a22e-product-1-1.png]]></wp:meta_value>
  </wp:postmeta>
  <wp:postmeta>
    <wp:meta_key>_wp_attachment_metadata</wp:meta_key>
    <wp:meta_value><![CDATA[a:6:{s:5:"width";i:600;s:6:"height";i:818;s:4:"file";s:94:"/home/wpcom/public_html/wp-content/blogs.dir/9e0/237187874/files/2024/09/2a22e-product-1-1.png";s:8:"filesize";i:88402;s:5:"sizes";a:0:{}s:10:"image_meta";a:12:{s:8:"aperture";s:1:"0";s:6:"credit";s:0:"";s:6:"camera";s:0:"";s:7:"caption";s:0:"";s:17:"created_timestamp";s:1:"0";s:9:"copyright";s:0:"";s:12:"focal_length";s:1:"0";s:3:"iso";s:1:"0";s:13:"shutter_speed";s:1:"0";s:5:"title";s:0:"";s:11:"orientation";s:1:"0";s:8:"keywords";a:0:{}}}]]></wp:meta_value>
  </wp:postmeta>
</item>
<item>
  <title><![CDATA[Placeholder Image]]></title>
  <link>https://ecom-wildly-dark-cupcake.wordpress.com/?attachment_id=23</link>
  <pubDate>Fri, 20 Sep 2024 02:31:40 +0000</pubDate>
  <dc:creator>spartanfitness3110</dc:creator>
  <guid isPermaLink="false">http://ecom-wildly-dark-cupcake.files.wordpress.com/2024/09/product-3-1.png</guid>
  <description/>
  <content:encoded><![CDATA[]]></content:encoded>
  <excerpt:encoded><![CDATA[]]></excerpt:encoded>
  <wp:post_id>23</wp:post_id>
  <wp:post_date>2024-09-19 23:31:40</wp:post_date>
  <wp:post_date_gmt>2024-09-20 02:31:40</wp:post_date_gmt>
  <wp:post_modified>2024-09-19 23:31:40</wp:post_modified>
  <wp:post_modified_gmt>2024-09-20 02:31:40</wp:post_modified_gmt>
  <wp:comment_status>open</wp:comment_status>
  <wp:ping_status>closed</wp:ping_status>
  <wp:post_name>placeholder-image-6</wp:post_name>
  <wp:status>inherit</wp:status>
  <wp:post_parent>15</wp:post_parent>
  <wp:menu_order>0</wp:menu_order>
  <wp:post_type>attachment</wp:post_type>
  <wp:post_password/>
  <wp:is_sticky>0</wp:is_sticky>
  <wp:attachment_url>https://ecom-wildly-dark-cupcake.wordpress.com/wp-content/uploads/2024/09/product-3-1.png</wp:attachment_url>
  <wp:postmeta>
    <wp:meta_key>_wp_attached_file</wp:meta_key>
    <wp:meta_value><![CDATA[/home/wpcom/public_html/wp-content/blogs.dir/9e0/237187874/files/2024/09/product-3-1.png]]></wp:meta_value>
  </wp:postmeta>
  <wp:postmeta>
    <wp:meta_key>_wp_attachment_metadata</wp:meta_key>
    <wp:meta_value><![CDATA[a:6:{s:5:"width";i:600;s:6:"height";i:818;s:4:"file";s:88:"/home/wpcom/public_html/wp-content/blogs.dir/9e0/237187874/files/2024/09/product-3-1.png";s:8:"filesize";i:99982;s:5:"sizes";a:0:{}s:10:"image_meta";a:12:{s:8:"aperture";s:1:"0";s:6:"credit";s:0:"";s:6:"camera";s:0:"";s:7:"caption";s:0:"";s:17:"created_timestamp";s:1:"0";s:9:"copyright";s:0:"";s:12:"focal_length";s:1:"0";s:3:"iso";s:1:"0";s:13:"shutter_speed";s:1:"0";s:5:"title";s:0:"";s:11:"orientation";s:1:"0";s:8:"keywords";a:0:{}}}]]></wp:meta_value>
  </wp:postmeta>
</item>
<item>
  <title><![CDATA[Placeholder Image]]></title>
  <link>https://ecom-wildly-dark-cupcake.wordpress.com/placeholder-image-7/</link>
  <pubDate>Fri, 20 Sep 2024 02:31:40 +0000</pubDate>
  <dc:creator>spartanfitness3110</dc:creator>
  <guid isPermaLink="false">http://ecom-wildly-dark-cupcake.files.wordpress.com/2024/09/6dc67-product-4-1.png</guid>
  <description/>
  <content:encoded><![CDATA[]]></content:encoded>
  <excerpt:encoded><![CDATA[]]></excerpt:encoded>
  <wp:post_id>24</wp:post_id>
  <wp:post_date>2024-09-19 23:31:40</wp:post_date>
  <wp:post_date_gmt>2024-09-20 02:31:40</wp:post_date_gmt>
  <wp:post_modified>2024-09-19 23:31:40</wp:post_modified>
  <wp:post_modified_gmt>2024-09-20 02:31:40</wp:post_modified_gmt>
  <wp:comment_status>open</wp:comment_status>
  <wp:ping_status>closed</wp:ping_status>
  <wp:post_name>placeholder-image-7</wp:post_name>
  <wp:status>inherit</wp:status>
  <wp:post_parent>0</wp:post_parent>
  <wp:menu_order>0</wp:menu_order>
  <wp:post_type>attachment</wp:post_type>
  <wp:post_password/>
  <wp:is_sticky>0</wp:is_sticky>
  <wp:attachment_url>https://ecom-wildly-dark-cupcake.wordpress.com/wp-content/uploads/2024/09/6dc67-product-4-1.png</wp:attachment_url>
  <wp:postmeta>
    <wp:meta_key>_wp_attached_file</wp:meta_key>
    <wp:meta_value><![CDATA[/home/wpcom/public_html/wp-content/blogs.dir/9e0/237187874/files/2024/09/6dc67-product-4-1.png]]></wp:meta_value>
  </wp:postmeta>
  <wp:postmeta>
    <wp:meta_key>_wp_attachment_metadata</wp:meta_key>
    <wp:meta_value><![CDATA[a:6:{s:5:"width";i:600;s:6:"height";i:818;s:4:"file";s:94:"/home/wpcom/public_html/wp-content/blogs.dir/9e0/237187874/files/2024/09/6dc67-product-4-1.png";s:8:"filesize";i:111925;s:5:"sizes";a:0:{}s:10:"image_meta";a:12:{s:8:"aperture";s:1:"0";s:6:"credit";s:0:"";s:6:"camera";s:0:"";s:7:"caption";s:0:"";s:17:"created_timestamp";s:1:"0";s:9:"copyright";s:0:"";s:12:"focal_length";s:1:"0";s:3:"iso";s:1:"0";s:13:"shutter_speed";s:1:"0";s:5:"title";s:0:"";s:11:"orientation";s:1:"0";s:8:"keywords";a:0:{}}}]]></wp:meta_value>
  </wp:postmeta>
</item>
<item>
  <title><![CDATA[Placeholder Image]]></title>
  <link>https://ecom-wildly-dark-cupcake.wordpress.com/placeholder-image-8/</link>
  <pubDate>Fri, 20 Sep 2024 02:31:40 +0000</pubDate>
  <dc:creator>spartanfitness3110</dc:creator>
  <guid isPermaLink="false">http://ecom-wildly-dark-cupcake.files.wordpress.com/2024/09/507df-product-2-1.png</guid>
  <description/>
  <content:encoded><![CDATA[]]></content:encoded>
  <excerpt:encoded><![CDATA[]]></excerpt:encoded>
  <wp:post_id>25</wp:post_id>
  <wp:post_date>2024-09-19 23:31:40</wp:post_date>
  <wp:post_date_gmt>2024-09-20 02:31:40</wp:post_date_gmt>
  <wp:post_modified>2024-09-19 23:31:40</wp:post_modified>
  <wp:post_modified_gmt>2024-09-20 02:31:40</wp:post_modified_gmt>
  <wp:comment_status>open</wp:comment_status>
  <wp:ping_status>closed</wp:ping_status>
  <wp:post_name>placeholder-image-8</wp:post_name>
  <wp:status>inherit</wp:status>
  <wp:post_parent>0</wp:post_parent>
  <wp:menu_order>0</wp:menu_order>
  <wp:post_type>attachment</wp:post_type>
  <wp:post_password/>
  <wp:is_sticky>0</wp:is_sticky>
  <wp:attachment_url>https://ecom-wildly-dark-cupcake.wordpress.com/wp-content/uploads/2024/09/507df-product-2-1.png</wp:attachment_url>
  <wp:postmeta>
    <wp:meta_key>_wp_attached_file</wp:meta_key>
    <wp:meta_value><![CDATA[/home/wpcom/public_html/wp-content/blogs.dir/9e0/237187874/files/2024/09/507df-product-2-1.png]]></wp:meta_value>
  </wp:postmeta>
  <wp:postmeta>
    <wp:meta_key>_wp_attachment_metadata</wp:meta_key>
    <wp:meta_value><![CDATA[a:6:{s:5:"width";i:600;s:6:"height";i:818;s:4:"file";s:94:"/home/wpcom/public_html/wp-content/blogs.dir/9e0/237187874/files/2024/09/507df-product-2-1.png";s:8:"filesize";i:72132;s:5:"sizes";a:0:{}s:10:"image_meta";a:12:{s:8:"aperture";s:1:"0";s:6:"credit";s:0:"";s:6:"camera";s:0:"";s:7:"caption";s:0:"";s:17:"created_timestamp";s:1:"0";s:9:"copyright";s:0:"";s:12:"focal_length";s:1:"0";s:3:"iso";s:1:"0";s:13:"shutter_speed";s:1:"0";s:5:"title";s:0:"";s:11:"orientation";s:1:"0";s:8:"keywords";a:0:{}}}]]></wp:meta_value>
  </wp:postmeta>
</item>
<item>
  <title><![CDATA[Placeholder Image]]></title>
  <link>https://ecom-wildly-dark-cupcake.wordpress.com/placeholder-image-9/</link>
  <pubDate>Fri, 20 Sep 2024 02:31:41 +0000</pubDate>
  <dc:creator>spartanfitness3110</dc:creator>
  <guid isPermaLink="false">http://ecom-wildly-dark-cupcake.files.wordpress.com/2024/09/christina-moroz-hcirxwd9k6c-unsplash.jpg</guid>
  <description/>
  <content:encoded><![CDATA[]]></content:encoded>
  <excerpt:encoded><![CDATA[]]></excerpt:encoded>
  <wp:post_id>26</wp:post_id>
  <wp:post_date>2024-09-19 23:31:41</wp:post_date>
  <wp:post_date_gmt>2024-09-20 02:31:41</wp:post_date_gmt>
  <wp:post_modified>2024-09-19 23:31:41</wp:post_modified>
  <wp:post_modified_gmt>2024-09-20 02:31:41</wp:post_modified_gmt>
  <wp:comment_status>open</wp:comment_status>
  <wp:ping_status>closed</wp:ping_status>
  <wp:post_name>placeholder-image-9</wp:post_name>
  <wp:status>inherit</wp:status>
  <wp:post_parent>0</wp:post_parent>
  <wp:menu_order>0</wp:menu_order>
  <wp:post_type>attachment</wp:post_type>
  <wp:post_password/>
  <wp:is_sticky>0</wp:is_sticky>
  <wp:attachment_url>https://ecom-wildly-dark-cupcake.wordpress.com/wp-content/uploads/2024/09/christina-moroz-hcirxwd9k6c-unsplash.jpg</wp:attachment_url>
  <wp:postmeta>
    <wp:meta_key>_wp_attached_file</wp:meta_key>
    <wp:meta_value><![CDATA[/home/wpcom/public_html/wp-content/blogs.dir/9e0/237187874/files/2024/09/christina-moroz-hcirxwd9k6c-unsplash.jpg]]></wp:meta_value>
  </wp:postmeta>
  <wp:postmeta>
    <wp:meta_key>_wp_attachment_metadata</wp:meta_key>
    <wp:meta_value><![CDATA[a:6:{s:5:"width";i:800;s:6:"height";i:1199;s:4:"file";s:113:"/home/wpcom/public_html/wp-content/blogs.dir/9e0/237187874/files/2024/09/christina-moroz-hcirxwd9k6c-unsplash.jpg";s:8:"filesize";i:59148;s:5:"sizes";a:0:{}s:10:"image_meta";a:12:{s:8:"aperture";s:1:"0";s:6:"credit";s:0:"";s:6:"camera";s:0:"";s:7:"caption";s:0:"";s:17:"created_timestamp";s:1:"0";s:9:"copyright";s:0:"";s:12:"focal_length";s:1:"0";s:3:"iso";s:1:"0";s:13:"shutter_speed";s:1:"0";s:5:"title";s:0:"";s:11:"orientation";s:1:"0";s:8:"keywords";a:0:{}}}]]></wp:meta_value>
  </wp:postmeta>
</item>
<item>
  <title><![CDATA[Placeholder Image]]></title>
  <link>https://ecom-wildly-dark-cupcake.wordpress.com/placeholder-image-10/</link>
  <pubDate>Fri, 20 Sep 2024 02:31:41 +0000</pubDate>
  <dc:creator>spartanfitness3110</dc:creator>
  <guid isPermaLink="false">http://ecom-wildly-dark-cupcake.files.wordpress.com/2024/09/christina-moroz-eq_1nav_xry-unsplash.jpg</guid>
  <description/>
  <content:encoded><![CDATA[]]></content:encoded>
  <excerpt:encoded><![CDATA[]]></excerpt:encoded>
  <wp:post_id>27</wp:post_id>
  <wp:post_date>2024-09-19 23:31:41</wp:post_date>
  <wp:post_date_gmt>2024-09-20 02:31:41</wp:post_date_gmt>
  <wp:post_modified>2024-09-19 23:31:41</wp:post_modified>
  <wp:post_modified_gmt>2024-09-20 02:31:41</wp:post_modified_gmt>
  <wp:comment_status>open</wp:comment_status>
  <wp:ping_status>closed</wp:ping_status>
  <wp:post_name>placeholder-image-10</wp:post_name>
  <wp:status>inherit</wp:status>
  <wp:post_parent>0</wp:post_parent>
  <wp:menu_order>0</wp:menu_order>
  <wp:post_type>attachment</wp:post_type>
  <wp:post_password/>
  <wp:is_sticky>0</wp:is_sticky>
  <wp:attachment_url>https://ecom-wildly-dark-cupcake.wordpress.com/wp-content/uploads/2024/09/christina-moroz-eq_1nav_xry-unsplash.jpg</wp:attachment_url>
  <wp:postmeta>
    <wp:meta_key>_wp_attached_file</wp:meta_key>
    <wp:meta_value><![CDATA[/home/wpcom/public_html/wp-content/blogs.dir/9e0/237187874/files/2024/09/christina-moroz-eq_1nav_xry-unsplash.jpg]]></wp:meta_value>
  </wp:postmeta>
  <wp:postmeta>
    <wp:meta_key>_wp_attachment_metadata</wp:meta_key>
    <wp:meta_value><![CDATA[a:6:{s:5:"width";i:800;s:6:"height";i:1199;s:4:"file";s:113:"/home/wpcom/public_html/wp-content/blogs.dir/9e0/237187874/files/2024/09/christina-moroz-eq_1nav_xry-unsplash.jpg";s:8:"filesize";i:71819;s:5:"sizes";a:0:{}s:10:"image_meta";a:12:{s:8:"aperture";s:1:"0";s:6:"credit";s:0:"";s:6:"camera";s:0:"";s:7:"caption";s:0:"";s:17:"created_timestamp";s:1:"0";s:9:"copyright";s:0:"";s:12:"focal_length";s:1:"0";s:3:"iso";s:1:"0";s:13:"shutter_speed";s:1:"0";s:5:"title";s:0:"";s:11:"orientation";s:1:"0";s:8:"keywords";a:0:{}}}]]></wp:meta_value>
  </wp:postmeta>
</item>
<item>
  <title><![CDATA[Placeholder Image]]></title>
  <link>https://ecom-wildly-dark-cupcake.wordpress.com/placeholder-image-11/</link>
  <pubDate>Fri, 20 Sep 2024 02:31:41 +0000</pubDate>
  <dc:creator>spartanfitness3110</dc:creator>
  <guid isPermaLink="false">http://ecom-wildly-dark-cupcake.files.wordpress.com/2024/09/woocommerce-placeholder.png</guid>
  <description/>
  <content:encoded><![CDATA[]]></content:encoded>
  <excerpt:encoded><![CDATA[]]></excerpt:encoded>
  <wp:post_id>28</wp:post_id>
  <wp:post_date>2024-09-19 23:31:41</wp:post_date>
  <wp:post_date_gmt>2024-09-20 02:31:41</wp:post_date_gmt>
  <wp:post_modified>2024-09-19 23:31:41</wp:post_modified>
  <wp:post_modified_gmt>2024-09-20 02:31:41</wp:post_modified_gmt>
  <wp:comment_status>open</wp:comment_status>
  <wp:ping_status>closed</wp:ping_status>
  <wp:post_name>placeholder-image-11</wp:post_name>
  <wp:status>inherit</wp:status>
  <wp:post_parent>0</wp:post_parent>
  <wp:menu_order>0</wp:menu_order>
  <wp:post_type>attachment</wp:post_type>
  <wp:post_password/>
  <wp:is_sticky>0</wp:is_sticky>
  <wp:attachment_url>https://ecom-wildly-dark-cupcake.wordpress.com/wp-content/uploads/2024/09/woocommerce-placeholder.png</wp:attachment_url>
  <wp:postmeta>
    <wp:meta_key>_wp_attached_file</wp:meta_key>
    <wp:meta_value><![CDATA[/home/wpcom/public_html/wp-content/blogs.dir/9e0/237187874/files/2024/09/woocommerce-placeholder.png]]></wp:meta_value>
  </wp:postmeta>
  <wp:postmeta>
    <wp:meta_key>_wp_attachment_metadata</wp:meta_key>
    <wp:meta_value><![CDATA[a:6:{s:5:"width";i:800;s:6:"height";i:800;s:4:"file";s:100:"/home/wpcom/public_html/wp-content/blogs.dir/9e0/237187874/files/2024/09/woocommerce-placeholder.png";s:8:"filesize";i:35079;s:5:"sizes";a:0:{}s:10:"image_meta";a:12:{s:8:"aperture";s:1:"0";s:6:"credit";s:0:"";s:6:"camera";s:0:"";s:7:"caption";s:0:"";s:17:"created_timestamp";s:1:"0";s:9:"copyright";s:0:"";s:12:"focal_length";s:1:"0";s:3:"iso";s:1:"0";s:13:"shutter_speed";s:1:"0";s:5:"title";s:0:"";s:11:"orientation";s:1:"0";s:8:"keywords";a:0:{}}}]]></wp:meta_value>
  </wp:postmeta>
</item>
<item>
  <title><![CDATA[Placeholder Image]]></title>
  <link>https://ecom-wildly-dark-cupcake.wordpress.com/placeholder-image-12/</link>
  <pubDate>Fri, 20 Sep 2024 02:31:41 +0000</pubDate>
  <dc:creator>spartanfitness3110</dc:creator>
  <guid isPermaLink="false">http://ecom-wildly-dark-cupcake.files.wordpress.com/2024/09/c8d9d-product-3.png</guid>
  <description/>
  <content:encoded><![CDATA[]]></content:encoded>
  <excerpt:encoded><![CDATA[]]></excerpt:encoded>
  <wp:post_id>29</wp:post_id>
  <wp:post_date>2024-09-19 23:31:41</wp:post_date>
  <wp:post_date_gmt>2024-09-20 02:31:41</wp:post_date_gmt>
  <wp:post_modified>2024-09-19 23:31:41</wp:post_modified>
  <wp:post_modified_gmt>2024-09-20 02:31:41</wp:post_modified_gmt>
  <wp:comment_status>open</wp:comment_status>
  <wp:ping_status>closed</wp:ping_status>
  <wp:post_name>placeholder-image-12</wp:post_name>
  <wp:status>inherit</wp:status>
  <wp:post_parent>0</wp:post_parent>
  <wp:menu_order>0</wp:menu_order>
  <wp:post_type>attachment</wp:post_type>
  <wp:post_password/>
  <wp:is_sticky>0</wp:is_sticky>
  <wp:attachment_url>https://ecom-wildly-dark-cupcake.wordpress.com/wp-content/uploads/2024/09/c8d9d-product-3.png</wp:attachment_url>
  <wp:postmeta>
    <wp:meta_key>_wp_attached_file</wp:meta_key>
    <wp:meta_value><![CDATA[/home/wpcom/public_html/wp-content/blogs.dir/9e0/237187874/files/2024/09/c8d9d-product-3.png]]></wp:meta_value>
  </wp:postmeta>
  <wp:postmeta>
    <wp:meta_key>_wp_attachment_metadata</wp:meta_key>
    <wp:meta_value><![CDATA[a:6:{s:5:"width";i:600;s:6:"height";i:818;s:4:"file";s:92:"/home/wpcom/public_html/wp-content/blogs.dir/9e0/237187874/files/2024/09/c8d9d-product-3.png";s:8:"filesize";i:99982;s:5:"sizes";a:0:{}s:10:"image_meta";a:12:{s:8:"aperture";s:1:"0";s:6:"credit";s:0:"";s:6:"camera";s:0:"";s:7:"caption";s:0:"";s:17:"created_timestamp";s:1:"0";s:9:"copyright";s:0:"";s:12:"focal_length";s:1:"0";s:3:"iso";s:1:"0";s:13:"shutter_speed";s:1:"0";s:5:"title";s:0:"";s:11:"orientation";s:1:"0";s:8:"keywords";a:0:{}}}]]></wp:meta_value>
  </wp:postmeta>
</item>
<item>
  <title><![CDATA[Placeholder Image]]></title>
  <link>https://ecom-wildly-dark-cupcake.wordpress.com/placeholder-image-13/</link>
  <pubDate>Fri, 20 Sep 2024 02:31:42 +0000</pubDate>
  <dc:creator>spartanfitness3110</dc:creator>
  <guid isPermaLink="false">http://ecom-wildly-dark-cupcake.files.wordpress.com/2024/09/62a79-woocommerce-placeholder.png</guid>
  <description/>
  <content:encoded><![CDATA[]]></content:encoded>
  <excerpt:encoded><![CDATA[]]></excerpt:encoded>
  <wp:post_id>30</wp:post_id>
  <wp:post_date>2024-09-19 23:31:42</wp:post_date>
  <wp:post_date_gmt>2024-09-20 02:31:42</wp:post_date_gmt>
  <wp:post_modified>2024-09-19 23:31:42</wp:post_modified>
  <wp:post_modified_gmt>2024-09-20 02:31:42</wp:post_modified_gmt>
  <wp:comment_status>open</wp:comment_status>
  <wp:ping_status>closed</wp:ping_status>
  <wp:post_name>placeholder-image-13</wp:post_name>
  <wp:status>inherit</wp:status>
  <wp:post_parent>0</wp:post_parent>
  <wp:menu_order>0</wp:menu_order>
  <wp:post_type>attachment</wp:post_type>
  <wp:post_password/>
  <wp:is_sticky>0</wp:is_sticky>
  <wp:attachment_url>https://ecom-wildly-dark-cupcake.wordpress.com/wp-content/uploads/2024/09/62a79-woocommerce-placeholder.png</wp:attachment_url>
  <wp:postmeta>
    <wp:meta_key>_wp_attached_file</wp:meta_key>
    <wp:meta_value><![CDATA[/home/wpcom/public_html/wp-content/blogs.dir/9e0/237187874/files/2024/09/62a79-woocommerce-placeholder.png]]></wp:meta_value>
  </wp:postmeta>
  <wp:postmeta>
    <wp:meta_key>_wp_attachment_metadata</wp:meta_key>
    <wp:meta_value><![CDATA[a:6:{s:5:"width";i:800;s:6:"height";i:800;s:4:"file";s:106:"/home/wpcom/public_html/wp-content/blogs.dir/9e0/237187874/files/2024/09/62a79-woocommerce-placeholder.png";s:8:"filesize";i:35079;s:5:"sizes";a:0:{}s:10:"image_meta";a:12:{s:8:"aperture";s:1:"0";s:6:"credit";s:0:"";s:6:"camera";s:0:"";s:7:"caption";s:0:"";s:17:"created_timestamp";s:1:"0";s:9:"copyright";s:0:"";s:12:"focal_length";s:1:"0";s:3:"iso";s:1:"0";s:13:"shutter_speed";s:1:"0";s:5:"title";s:0:"";s:11:"orientation";s:1:"0";s:8:"keywords";a:0:{}}}]]></wp:meta_value>
  </wp:postmeta>
</item>
  </channel>
</rss>
